<?xml version="1.0" encoding="UTF-8"?>
<GenRun Id="synth_1" LaunchPart="xc7a35tcpg236-1" LaunchTime="1751502115">
  <File Type="PA-TCL" Name="top.tcl"/>
  <File Type="RDS-PROPCONSTRS" Name="top_drc_synth.rpt"/>
  <File Type="REPORTS-TCL" Name="top_reports.tcl"/>
  <File Type="RDS-RDS" Name="top.vds"/>
  <File Type="RDS-UTIL" Name="top_utilization_synth.rpt"/>
  <File Type="RDS-UTIL-PB" Name="top_utilization_synth.pb"/>
  <File Type="RDS-DCP" Name="top.dcp"/>
  <File Type="VDS-TIMINGSUMMARY" Name="top_timing_summary_synth.rpt"/>
  <File Type="VDS-TIMING-PB" Name="top_timing_summary_synth.pb"/>
  <FileSet Name="sources" Type="DesignSrcs" RelSrcDir="$PSRCDIR/sources_1">
    <Filter Type="Srcs"/>
    <File Path="$PSRCDIR/sources_1/new/mux_2_1.sv">
      <FileInfo>
        <Attr Name="ImportPath" Val="$PPRDIR/../Laboratorio 4/Laboratorio 4.srcs/sources_1/new/mux_2_1.sv"/>
        <Attr Name="ImportTime" Val="1751429457"/>
        <Attr Name="UsedIn" Val="synthesis"/>
        <Attr Name="UsedIn" Val="implementation"/>
        <Attr Name="UsedIn" Val="simulation"/>
      </FileInfo>
    </File>
    <File Path="$PSRCDIR/sources_1/new/mux_4_1.v">
      <FileInfo SFType="SVerilog">
        <Attr Name="ImportPath" Val="$PPRDIR/../Laboratorio 4/Laboratorio 4.srcs/sources_1/new/mux_4_1.v"/>
        <Attr Name="ImportTime" Val="1751429353"/>
        <Attr Name="UsedIn" Val="synthesis"/>
        <Attr Name="UsedIn" Val="implementation"/>
        <Attr Name="UsedIn" Val="simulation"/>
      </FileInfo>
    </File>
    <File Path="$PSRCDIR/sources_1/new/adder.sv">
      <FileInfo>
        <Attr Name="ImportPath" Val="$PPRDIR/../Laboratorio 4/Laboratorio 4.srcs/sources_1/new/adder.sv"/>
        <Attr Name="ImportTime" Val="1751428659"/>
        <Attr Name="UsedIn" Val="synthesis"/>
        <Attr Name="UsedIn" Val="implementation"/>
        <Attr Name="UsedIn" Val="simulation"/>
      </FileInfo>
    </File>
    <File Path="$PSRCDIR/sources_1/new/register.sv">
      <FileInfo>
        <Attr Name="ImportPath" Val="$PPRDIR/../Laboratorio 4/Laboratorio 4.srcs/sources_1/new/register.sv"/>
        <Attr Name="ImportTime" Val="1751429395"/>
        <Attr Name="UsedIn" Val="synthesis"/>
        <Attr Name="UsedIn" Val="implementation"/>
        <Attr Name="UsedIn" Val="simulation"/>
      </FileInfo>
    </File>
    <File Path="$PSRCDIR/sources_1/new/data_mem.v">
      <FileInfo SFType="SVerilog">
        <Attr Name="ImportPath" Val="$PPRDIR/../Laboratorio 4/Laboratorio 4.srcs/sources_1/new/data_mem.v"/>
        <Attr Name="ImportTime" Val="1751428744"/>
        <Attr Name="UsedIn" Val="synthesis"/>
        <Attr Name="UsedIn" Val="implementation"/>
        <Attr Name="UsedIn" Val="simulation"/>
      </FileInfo>
    </File>
    <File Path="$PSRCDIR/sources_1/new/reg_file.sv">
      <FileInfo>
        <Attr Name="ImportPath" Val="$PPRDIR/../Laboratorio 4/Laboratorio 4.srcs/sources_1/new/reg_file.sv"/>
        <Attr Name="ImportTime" Val="1751429411"/>
        <Attr Name="UsedIn" Val="synthesis"/>
        <Attr Name="UsedIn" Val="implementation"/>
        <Attr Name="UsedIn" Val="simulation"/>
      </FileInfo>
    </File>
    <File Path="$PSRCDIR/sources_1/new/alu.sv">
      <FileInfo>
        <Attr Name="ImportPath" Val="$PPRDIR/../Laboratorio 4/Laboratorio 4.srcs/sources_1/new/alu.sv"/>
        <Attr Name="ImportTime" Val="1751428672"/>
        <Attr Name="UsedIn" Val="synthesis"/>
        <Attr Name="UsedIn" Val="implementation"/>
        <Attr Name="UsedIn" Val="simulation"/>
      </FileInfo>
    </File>
    <File Path="$PSRCDIR/sources_1/new/inst_mem.sv">
      <FileInfo>
        <Attr Name="ImportPath" Val="$PPRDIR/../Laboratorio 4/Laboratorio 4.srcs/sources_1/new/inst_mem.sv"/>
        <Attr Name="ImportTime" Val="1751429438"/>
        <Attr Name="UsedIn" Val="synthesis"/>
        <Attr Name="UsedIn" Val="implementation"/>
        <Attr Name="UsedIn" Val="simulation"/>
      </FileInfo>
    </File>
    <File Path="$PSRCDIR/sources_1/new/imm_gen.v">
      <FileInfo SFType="SVerilog">
        <Attr Name="ImportPath" Val="$PPRDIR/../Laboratorio 4/Laboratorio 4.srcs/sources_1/new/imm_gen.v"/>
        <Attr Name="ImportTime" Val="1751429426"/>
        <Attr Name="UsedIn" Val="synthesis"/>
        <Attr Name="UsedIn" Val="implementation"/>
        <Attr Name="UsedIn" Val="simulation"/>
      </FileInfo>
    </File>
    <File Path="$PSRCDIR/sources_1/new/control_deco.sv">
      <FileInfo>
        <Attr Name="ImportPath" Val="$PPRDIR/../Laboratorio 4/Laboratorio 4.srcs/sources_1/new/control_deco.sv"/>
        <Attr Name="ImportTime" Val="1751428712"/>
        <Attr Name="UsedIn" Val="synthesis"/>
        <Attr Name="UsedIn" Val="implementation"/>
        <Attr Name="UsedIn" Val="simulation"/>
      </FileInfo>
    </File>
    <File Path="$PSRCDIR/sources_1/new/design.sv">
      <FileInfo>
        <Attr Name="ImportPath" Val="$PPRDIR/../Laboratorio 4/Laboratorio 4.srcs/sources_1/new/design.sv"/>
        <Attr Name="ImportTime" Val="1751470392"/>
        <Attr Name="UsedIn" Val="synthesis"/>
        <Attr Name="UsedIn" Val="implementation"/>
        <Attr Name="UsedIn" Val="simulation"/>
      </FileInfo>
    </File>
    <File Path="$PSRCDIR/sources_1/new/adder_tb.sv">
      <FileInfo>
        <Attr Name="ImportPath" Val="$PPRDIR/../Laboratorio 4/Laboratorio 4.srcs/sources_1/new/adder_tb.sv"/>
        <Attr Name="ImportTime" Val="1751428833"/>
        <Attr Name="UsedIn" Val="synthesis"/>
        <Attr Name="UsedIn" Val="implementation"/>
        <Attr Name="UsedIn" Val="simulation"/>
      </FileInfo>
    </File>
    <File Path="$PSRCDIR/sources_1/new/mux_tb.sv">
      <FileInfo>
        <Attr Name="ImportPath" Val="$PPRDIR/../Laboratorio 4/Laboratorio 4.srcs/sources_1/new/mux_tb.sv"/>
        <Attr Name="ImportTime" Val="1751428847"/>
        <Attr Name="UsedIn" Val="synthesis"/>
        <Attr Name="UsedIn" Val="implementation"/>
        <Attr Name="UsedIn" Val="simulation"/>
      </FileInfo>
    </File>
    <File Path="$PSRCDIR/sources_1/new/reg_file_tb.sv">
      <FileInfo>
        <Attr Name="ImportPath" Val="$PPRDIR/../Laboratorio 4/Laboratorio 4.srcs/sources_1/new/reg_file_tb.sv"/>
        <Attr Name="ImportTime" Val="1751428962"/>
        <Attr Name="UsedIn" Val="synthesis"/>
        <Attr Name="UsedIn" Val="implementation"/>
        <Attr Name="UsedIn" Val="simulation"/>
      </FileInfo>
    </File>
    <File Path="$PSRCDIR/sources_1/new/register_tb.sv">
      <FileInfo>
        <Attr Name="ImportPath" Val="$PPRDIR/../Laboratorio 4/Laboratorio 4.srcs/sources_1/new/register_tb.sv"/>
        <Attr Name="ImportTime" Val="1751428976"/>
        <Attr Name="UsedIn" Val="synthesis"/>
        <Attr Name="UsedIn" Val="implementation"/>
        <Attr Name="UsedIn" Val="simulation"/>
      </FileInfo>
    </File>
    <File Path="$PSRCDIR/sources_1/new/testbench.sv">
      <FileInfo>
        <Attr Name="UserDisabled" Val="1"/>
        <Attr Name="ImportPath" Val="$PPRDIR/../Laboratorio 4/Laboratorio 4.srcs/sources_1/new/testbench.sv"/>
        <Attr Name="ImportTime" Val="1751470569"/>
        <Attr Name="UsedIn" Val="synthesis"/>
        <Attr Name="UsedIn" Val="implementation"/>
        <Attr Name="UsedIn" Val="simulation"/>
      </FileInfo>
    </File>
    <File Path="$PSRCDIR/sources_1/new/program.sv">
      <FileInfo SFType="MEM">
        <Attr Name="AutoDisabled" Val="1"/>
        <Attr Name="ImportPath" Val="$PPRDIR/../Laboratorio 4/Laboratorio 4.srcs/sources_1/new/program.sv"/>
        <Attr Name="ImportTime" Val="1751428927"/>
        <Attr Name="UsedIn" Val="synthesis"/>
        <Attr Name="UsedIn" Val="simulation"/>
      </FileInfo>
    </File>
    <File Path="$PSRCDIR/sources_1/new/program.mem">
      <FileInfo>
        <Attr Name="UsedIn" Val="synthesis"/>
        <Attr Name="UsedIn" Val="simulation"/>
      </FileInfo>
    </File>
    <Config>
      <Option Name="DesignMode" Val="RTL"/>
      <Option Name="TopModule" Val="top"/>
      <Option Name="TopAutoSet" Val="TRUE"/>
    </Config>
  </FileSet>
  <FileSet Name="constrs_in" Type="Constrs" RelSrcDir="$PSRCDIR/constrs_1">
    <Filter Type="Constrs"/>
    <Config>
      <Option Name="ConstrsType" Val="XDC"/>
    </Config>
  </FileSet>
  <FileSet Name="utils" Type="Utils" RelSrcDir="$PSRCDIR/utils_1">
    <Filter Type="Utils"/>
    <Config>
      <Option Name="TopAutoSet" Val="TRUE"/>
    </Config>
  </FileSet>
  <Strategy Version="1" Minor="2">
    <StratHandle Name="Vivado Synthesis Defaults" Flow="Vivado Synthesis 2019"/>
    <Step Id="synth_design"/>
  </Strategy>
</GenRun>
